1376319196.1333334;33.52611111111111;9.839994218614367;0.37999999999999995;2.708888888888889;1327.0066666666673;20.685555555555553;8
1376328197.0;101.24361111111111;21.157770453559024;5.211111111111111;2.3488888888888892;0.15555555555555556;0.8866666666666668;9
1376337197.4;97.0736111111111;19.551103931003148;0.0044444444444444444;1.733333333333333;0.22222222222222227;0.9022222222222224;9
1376346198.2333333;92.71027777777779;24.208881929185655;5.208888888888889;3.06;492.0755555555555;8.486666666666668;9
1376355199.0666666;94.1272222222222;20.259991921318896;0.008888888888888889;1.7533333333333336;29.446666666666676;1.4799999999999998;9
1376364199.8;97.42166666666667;20.397770267062715;0.43333333333333335;1.7822222222222224;29.502222222222226;1.4844444444444436;9
1376373200.4666667;97.47416666666665;23.753325271606446;0.0044444444444444444;2.302222222222222;176.07555555555552;4.52;9
1376382201.2333333;100.63750000000002;34.16665852864583;0.01111111111111111;1.9466666666666665;2369.075555555556;28.931111111111118;9
1376391202.3;90.88361111111112;38.74665874905057;5.224444444444444;3.2000000000000006;1107.131111111111;25.12;9
1376400202.6666667;73.75277777777778;23.83554810418023;0.18444444444444444;1.7955555555555558;285.1688888888891;3.948888888888888;9
1376409203.8333333;87.16861111111112;19.25999319288466;0.0044444444444444444;1.4733333333333334;0.13555555555555554;0.7844444444444447;9
1376418205.0;101.41277777777778;20.475547409057615;0.0044444444444444444;2.0533333333333332;45.16222222222222;1.5711111111111113;9
1376427206.0;75.24222222222222;16.522214889526367;5.633333333333334;2.5466666666666673;35.35333333333333;2.9688888888888894;9
1376436206.0333333;42.79250000000001;7.919992065429687;5.204444444444445;2.3644444444444446;0.12666666666666665;1.3422222222222222;8
1376445207.0333333;17.55881944444445;3.980548858642578;0.006666666666666667;1.4577777777777778;0.5199999999999999;1.9688888888888885;7
1376454208.1666667;0.5233333333333332;0.39777179294162324;0.008888888888888889;1.9294444444444445;0.030555555555555555;1.0444444444444445;2
1376463208.8;12.85333333333333;37.304437255859376;0.3555555555555555;1.9038888888888887;621.1538888888889;17.93333333333333;6
1376472209.4;19.70501984126984;15.384913474794418;0.8911111111111113;3.206349206349206;2971.2314285714288;46.42063492063491;7
1376481210.4;37.508333333333326;44.68888147142197;0.6355555555555555;3.224444444444444;2449.6066666666666;66.39111111111112;8
1376490211.4333334;6.011262626262626;10.982216559516056;5.804444444444444;8.173333333333334;182.3711111111111;9.16777777777778;5
1376499211.9;0.6197222222222223;0.477771716647678;0.0044444444444444444;1.74;1.8;2.871111111111111;2
1376508213.2;0.5863888888888888;0.348883777194553;0.0022222222222222222;1.6;0.02222222222222222;1.0466666666666666;2
1376517214.5;0.5925;0.34443995157877605;5.208888888888889;1.9911111111111113;0.01111111111111111;1.0644444444444445;2
1376526215.1333334;0.5627777777777777;0.37110553317599826;0.0044444444444444444;1.6222222222222225;0.02;1.0444444444444445;2
1376535216.1;0.6711111111111111;0.7311053805881077;27.417777777777776;47.59111111111111;8.224444444444446;1.291111111111111;2
1376544216.8;0.5866666666666666;0.3711069742838541;0.4355555555555556;1.9244444444444444;0.017777777777777778;1.0444444444444445;2
1376553217.7666667;0.568888888888889;0.38443946838378906;0.006666666666666667;1.2444444444444447;0.05333333333333333;1.0977777777777777;2
1376562218.4;10.388055555555557;17.937770801120337;0.35777777777777775;1.5466666666666666;727.28;24.06;6
1376571219.0;1.983888888888889;2.0777708689371743;0.2111111111111111;1.3666666666666665;239.74888888888884;3.428888888888889;3
1376580219.7666667;91.47083333333333;24.473325814141173;0.18444444444444444;1.8599999999999999;285.0333333333335;3.1488888888888886;9
1376589220.4666667;103.07611111111115;21.693326653374566;5.206666666666667;6.248888888888887;0.26000000000000006;1.0000000000000002;9
1376598221.2;103.31694444444445;25.015549045138886;0.011111111111111112;1.268888888888889;205.53777777777776;4.986666666666667;9
1376607222.0;102.98111111111112;20.84888136121962;5.775555555555555;2.966666666666667;29.448888888888906;1.4199999999999997;9
1376616222.4333334;103.15805555555556;23.32665892706977;0.015555555555555555;1.251111111111111;159.24222222222224;3.8777777777777773;9
1376625223.0;103.10194444444446;21.9044376373291;0.006666666666666667;1.8577777777777773;63.10222222222222;2.035555555555556;9
1376634223.9333334;102.57166666666669;22.335547849867073;5.20888888888889;2.6000000000000005;118.48000000000003;3.193333333333334;9
1376643224.7333333;102.99805555555557;22.353326288859044;0.008888888888888889;1.5133333333333334;88.52222222222221;2.6777777777777767;9
1376652225.7333333;101.04611111111112;22.63777037726509;0.03777777777777778;1.5644444444444443;115.07555555555555;3.4955555555555557;9
1376661226.2333333;103.25305555555558;23.815547943115234;0.02222222222222222;2.028888888888889;120.85111111111111;3.3422222222222215;9
1376670227.3333333;103.22999999999999;23.073326704237196;0.44;2.086666666666667;145.22666666666666;3.753333333333333;9
1376679228.4666667;103.19694444444445;22.78665919833713;0.0044444444444444444;1.2422222222222223;91.21333333333334;2.582222222222222;9
1376688229.0;103.06807539682538;21.345230326576836;5.204444444444445;2.799206349206349;29.493809523809524;1.4171428571428568;9
1376697229.9666667;103.09916666666666;21.89110378689236;0.008888888888888889;1.3555555555555552;88.16444444444441;2.5733333333333324;9
1376706231.0;85.94944444444444;18.515547392103407;0.0044444444444444444;1.7555555555555558;29.675555555555565;2.422222222222222;9
1376715231.8666666;51.13611111111113;9.964436467488609;5.202222222222222;1.7133333333333334;0.17333333333333334;1.6044444444444441;8
1376724232.0333333;17.22166666666666;4.713325712415908;0.006666666666666667;1.2377777777777779;0.3555555555555555;1.982222222222222;7
1376733233.3;31.46472222222222;8.564439307318793;0.5244444444444445;1.7844444444444447;122.99333333333334;2.184444444444444;7
1376742234.3333333;103.49916666666665;20.828882217407227;0.0022222222222222222;1.2377777777777779;0.19333333333333336;0.8911111111111113;9
1376751235.1;103.60583333333332;23.368881818983287;5.206666666666666;3.006666666666666;193.92000000000002;4.466666666666667;9
1376760235.6333334;103.5272222222222;22.668881818983287;0.0044444444444444444;1.4244444444444444;64.9511111111111;2.044444444444444;9
1376769236.6333334;103.52666666666664;22.662214152018226;0.008888888888888889;1.2844444444444443;58.842222222222226;1.9933333333333332;9
1376778239.7666667;103.48499999999999;24.695547273423927;0.006666666666666667;1.524444444444445;173.05999999999997;4.28222222222222;9
1376787241.4;103.49055555555555;20.897770394219297;0.0044444444444444444;1.2711111111111109;0.1088888888888889;0.8488888888888891;9
1376796242.3;103.48277777777778;24.846658240424265;5.633333333333334;3.177777777777778;206.87777777777774;4.966666666666666;9
1376805243.0;103.47777777777777;21.322214847140845;4.155555555555556;1.7511111111111113;0.14666666666666664;0.897777777777778;9
1376814244.0;103.59698412698411;24.994278265937922;1.0534920634920635;1.6479365079365078;206.32492063492063;4.971111111111111;9
1376823244.4333334;103.54888888888891;20.43332591586643;0.0044444444444444444;1.2444444444444445;29.517777777777784;1.4244444444444444;9
1376832245.2666667;85.2386111111111;18.19332550896539;0.008888888888888889;1.431111111111111;29.86222222222223;2.9044444444444446;9
1376841245.8666666;27.224166666666676;5.757769987318251;0.0044444444444444444;1.504444444444445;0.13555555555555557;1.6044444444444441;7
1376850246.1;2.389444444444445;1.4799936506483289;5.204444444444444;2.0644444444444443;0.08444444444444447;1.3266666666666667;4
1376859247.0666666;0.5836111111111112;0.41332855224609377;0.43777777777777777;1.6400000000000001;0.03333333333333333;1.0622222222222222;2
1376868249.8666666;28.86916666666667;8.153327306111652;0.09555555555555557;1.2933333333333334;234.44444444444443;2.737777777777778;7
1376877251.4;103.4538888888889;21.25777045355903;0.0022222222222222222;1.8133333333333335;0.1888888888888889;0.8688888888888892;9
1376886252.1666667;103.38833333333332;23.611104159884988;0.006666666666666667;1.2266666666666666;88.16;2.8377777777777786;9
1376895253.4;65.09722222222223;12.368880928887261;4.157777777777778;1.9866666666666666;0.2644444444444444;1.8955555555555557;9
1376904254.0;39.415277777777774;11.004436747233076;6.26;2.4799999999999995;895.4333333333333;14.631111111111112;8
1376913254.8;28.784166666666675;21.65554741753472;0.11333333333333334;2.4799999999999995;1720.0466666666664;36.17111111111111;7
1376922255.7333333;3.2838888888888893;1.3688817765977646;0.6088888888888888;2.1111111111111103;292.1666666666667;3.6222222222222222;4
1376931256.6333334;100.18638888888887;21.67110345628527;0.44222222222222224;1.8200000000000003;15.657777777777772;0.9755555555555557;9
1376940257.6333334;102.74611111111112;21.293325593736434;0.0044444444444444444;1.5444444444444445;0.23777777777777778;0.8555555555555558;9
1376949258.7333333;93.29833333333333;20.053325822618273;5.311111111111111;3.1288888888888895;0.5555555555555556;2.535555555555556;9
1376958260.0666666;11.40277777777778;3.339993370903863;0.013333333333333332;1.1911111111111112;0.4311111111111111;1.868888888888889;6
1376967261.0;0.6152777777777778;0.5822153303358291;0.0044444444444444444;1.755555555555556;0.02222222222222222;1.057777777777778;2
1376976261.9333334;1.2991666666666668;0.9599948459201388;0.52;1.7022222222222225;117.64000000000001;2.193333333333334;3
1376985262.0;61.49055555555555;16.764436467488604;0.10666666666666667;12.880000000000008;222.51555555555555;2.7488888888888874;8
1376994268.4666667;86.18805555555555;17.88666017320421;9.353333333333333;2.7311111111111113;0.15555555555555553;0.7955555555555557;9
1377003274.5333333;95.52944444444444;20.893326187133788;1.06;2.3422222222222215;0.3088888888888889;1.4688888888888891;9
1377012275.4;46.0611111111111;26.264437060885957;0.2844444444444445;3.555555555555555;2820.973333333333;59.90666666666666;8
1377021275.9666667;4.6191666666666675;1.8222158643934458;0.18222222222222223;1.6422222222222222;344.4866666666666;4.308888888888889;5
1377030277.0;95.09361111111113;22.03999252319335;0.0022222222222222222;1.5311111111111115;11.29999999999999;0.9755555555555557;9
1377039278.6333334;97.64555555555556;20.528881284925667;0.4288888888888888;1.6644444444444444;0.18000000000000002;0.8800000000000003;9
1377048279.0333333;102.40333333333335;24.246659300062394;0.01111111111111111;1.7666666666666662;202.5155555555556;4.888888888888889;9
1377057279.9333334;103.65194444444445;21.968880632188586;5.208888888888889;2.9955555555555553;32.53777777777778;1.4422222222222219;9
1377066281.1666667;103.61222222222221;20.873326110839844;0.0022222222222222222;1.3244444444444445;29.453333333333333;1.4266666666666663;9
1377075282.0;103.6747222222222;22.957770877414283;0.006666666666666667;1.6088888888888893;166.40888888888884;3.826666666666666;9
1377084282.0333333;102.91583333333334;20.999992794460727;0.01111111111111111;1.2733333333333332;59.30444444444446;1.9577777777777776;9
1377093283.0;94.9219444444444;19.92443703545464;5.204444444444444;2.619999999999999;32.87555555555556;1.3666666666666667;9
1377102284.1;101.76;24.626659732394753;11.18;2.8666666666666663;121.91777777777774;3.3866666666666654;9
1377111285.1;95.70722222222224;23.88443675571018;20.971111111111114;1.817777777777778;88.08;2.6533333333333333;9
1377120286.0333333;101.96055555555554;24.16443697611491;11.311111111111112;7.886666666666667;58.782222222222224;2.0911111111111107;9
1377129287.2;103.17;25.295549096001523;13.422222222222214;2.2977777777777777;88.05111111111111;2.673333333333333;9
1377138288.0;103.34888888888888;25.522214635213224;5.228888888888888;1.5155555555555558;92.94444444444443;2.7266666666666657;9
1377147288.3;103.36555555555556;25.253325059678826;5.704444444444445;1.3133333333333335;88.12222222222225;2.6488888888888877;9
1377156289.2;99.73027777777776;25.15332522922092;7.113333333333334;1.6866666666666668;126.22444444444446;3.2422222222222223;9
1377165289.7333333;96.5027777777778;23.184436925252278;48.480000000000004;3.6822222222222223;0.4733333333333334;0.9800000000000002;9
1377174290.7666667;96.96249999999999;23.16888118320041;4.8244444444444445;1.9311111111111112;94.49555555555555;2.5399999999999996;9
1377183291.6;80.23916666666666;17.646658579508465;24.646666666666665;2.213333333333333;0.2955555555555556;1.891111111111111;9
1377192292.7;44.55083333333334;9.944436730278863;7.735555555555555;1.9777777777777774;0.21555555555555556;1.5866666666666667;8
1377201293.2333333;6.4871717171717185;2.7311051686604824;0.02222222222222222;1.2522222222222223;0.25777777777777783;1.72;5
1377211304.7333333;0.4852777777777776;0.4266619364420573;0.11333333333333336;1.5777777777777784;0.03111111111111111;1.051111111111111;1
1377220495.5;0.4680555555555555;0.49999385409884983;0.09555555555555556;1.5666666666666664;0.013333333333333332;1.0577777777777777;1
1377229496.0666666;0.4819444444444444;0.7288827684190538;5.644444444444444;2.7199999999999998;0.024444444444444446;1.0577777777777777;1
1377238497.0333333;0.46611111111111103;0.4111058553059896;0.10222222222222221;1.2800000000000002;0.02222222222222222;1.0644444444444445;1
1377247497.7333333;0.44999999999999996;0.35332921346028645;0.0044444444444444444;1.1955555555555557;0.06222222222222222;1.0800000000000003;1
1377256498.4333334;4.286527777777778;1.493327416314019;0.6311111111111111;1.7977777777777781;158.30222222222224;27.39777777777778;5
1377265499.0;104.08498015873016;21.040945268055744;1.1690476190476191;1.7177777777777778;8.276349206349206;0.9553968253968256;9
1377274499.8;104.16624999999999;21.7212635100834;0.08888888888888888;2.275238095238095;29.489047619047618;1.523968253968254;9
1377283500.7333333;104.20541666666665;25.672373571850006;10.84888888888889;3.4604761904761907;176.29333333333335;4.495079365079367;9
1377292501.4666667;104.14361111111111;22.01777072482639;0.013333333333333332;1.568888888888889;51.04888888888889;1.6377777777777773;9
1377301502.1333334;104.14805555555554;22.802215152316624;0.008888888888888889;1.6422222222222218;88.12444444444444;2.622222222222222;9
1377310503.0;104.09555555555555;22.76221474541558;0.008888888888888889;1.575555555555556;117.54666666666671;3.2466666666666666;9
1377319504.1666667;104.08055555555555;21.151104482014976;0.006666666666666667;1.2399999999999995;29.551111111111133;1.4066666666666663;9
1377328504.8666666;104.12166666666668;23.45777096218533;0.024444444444444446;1.411111111111111;123.03111111111113;3.242222222222223;9
1377337505.3333333;98.33777777777779;19.11110369364421;5.204444444444444;2.302222222222222;0.542222222222222;1.5666666666666667;9
1377346506.2666667;75.49527777777779;14.119992955525715;0.4311111111111111;1.806666666666666;0.43111111111111106;1.602222222222222;9
1377355507.0333333;28.703611111111115;6.273326577080621;0.013333333333333334;1.2355555555555557;0.40888888888888886;1.8644444444444446;7
1377364507.4;4.443611111111112;1.8133275773790152;0.006666666666666667;1.4377777777777776;0.07333333333333333;1.331111111111111;5
1377373508.4333334;0.34361111111111114;0.6088823954264323;0.006666666666666667;1.1777777777777778;0.05111111111111111;1.0777777777777777;1
1377382509.2;0.3530555555555555;0.5533272637261284;5.213333333333333;2.053333333333333;0.02222222222222222;1.0711111111111111;1
1377391510.4666667;0.35444444444444445;0.6444384680853951;5.21111111111111;2.422222222222222;0.011111111111111112;1.051111111111111;1
1377400511.5333333;0.3433333333333334;0.47777218288845485;0.008888888888888889;1.4044444444444446;0.013333333333333334;1.0622222222222222;1
1377409512.2666667;0.3444444444444444;0.42443936665852866;0.43333333333333335;1.5088888888888887;0.013333333333333332;1.0422222222222222;1
1377418513.4;0.3441666666666666;0.4088836669921875;0.01111111111111111;1.22;0.006666666666666667;1.0577777777777777;1
1377427793.3333333;0.34472222222222226;0.31777364942762587;0.006666666666666667;1.7800000000000002;0.015555555555555555;1.0622222222222222;1
1377436814.0;0.3550000000000001;0.9577703264024523;5.211111111111111;2.0844444444444448;0.006666666666666667;1.051111111111111;1
1377445814.8666666;0.34500000000000003;0.41777254740397135;0.013333333333333332;1.4488888888888891;0.017777777777777778;1.0644444444444445;1
1377454815.7666667;0.3427777777777778;0.6155484093560113;0.006666666666666667;1.1444444444444446;0.008888888888888889;1.037777777777778;1
1377463816.3666666;0.3536111111111111;0.4466611650254991;5.20888888888889;1.9822222222222226;0.02;1.0666666666666667;1
1377472817.0333333;0.34361111111111114;0.3799955156114366;0.4311111111111111;1.826666666666667;0.01111111111111111;1.0444444444444445;1
1377481818.0;0.3536111111111111;0.6444394429524739;4.166666666666667;2.0088888888888894;0.008888888888888889;1.0711111111111111;1
1377490818.3;0.3452777777777778;0.4466615041097005;1.0577777777777777;1.5422222222222224;0.013333333333333334;1.0444444444444445;1
1377499819.3333333;6.496884920634922;4.928880452352857;0.293015873015873;1.975873015873016;488.5144444444444;20.198095238095238;5
1377508820.3;0.4386111111111112;0.7266610887315538;0.19333333333333333;1.5911111111111114;6.79111111111111;4.08;1
1377518901.3666666;82.02527777777777;18.371103541056318;0.09333333333333335;1.2666666666666668;205.4399999999999;2.9177777777777765;9
1377528021.4666667;101.93468253968254;20.31030938284738;0.01111111111111111;1.3985714285714286;0.2544444444444445;0.950793650793651;9
1377537022.2;84.29420634920635;31.934516386001828;0.6201587301587301;2.5050000000000003;557.7474603174603;19.571666666666665;9
1377546023.1;93.54222222222221;20.375547705756293;5.215555555555555;2.6133333333333337;0.3066666666666667;1.0200000000000005;9
1377555024.0;94.96944444444442;17.88221405877007;0.0044444444444444444;1.9377777777777778;0.18666666666666662;0.8711111111111113;9
1377564024.1666667;95.06888888888889;20.293325212266712;5.206666666666666;1.8622222222222218;146.65555555555557;3.691111111111111;9
1377573025.4333334;93.51861111111113;19.84888097974989;0.013333333333333332;1.6155555555555556;88.04444444444441;2.439999999999999;9
1377582026.4;94.8675;18.713325076633033;0.008888888888888889;1.291111111111111;0.12000000000000002;0.7777777777777779;9
1377591026.8333333;72.75194444444443;16.366659079657662;5.668888888888889;2.842222222222222;0.9155555555555556;2.853333333333333;9
1377600297.3;20.287286324786326;19.542043118599135;0.7277777777777779;3.1694444444444443;1555.8944444444444;30.84444444444444;7
1377609328.0;30.17805555555556;41.33332511054144;0.5533333333333332;3.0177777777777774;1360.0555555555554;47.39555555555555;7
1377618328.9666667;90.96777777777775;27.202214558919266;0.18000000000000002;1.622222222222222;357.5911111111114;10.455555555555557;9
1377627329.2666667;104.60472222222224;21.573325559828017;0.008888888888888889;1.3711111111111114;29.493333333333332;1.52;9
1377636330.2666667;104.65305555555558;25.617770512898762;0.01111111111111111;1.584444444444444;226.68;5.302222222222223;9
1377645331.0;104.53138888888888;23.562215635511606;5.884444444444444;3.417777777777777;58.82222222222222;2.168888888888888;9
1377654332.0;104.50694444444444;24.2844374762641;0.43333333333333335;1.6288888888888884;146.6866666666666;3.8822222222222225;9
1377663332.3666666;104.59805555555558;23.19110395643446;5.244444444444444;2.0400000000000005;88.21777777777778;2.873333333333333;9
1377672333.0333333;81.92472222222221;18.602214898003474;0.013333333333333332;1.5422222222222222;29.671111111111124;2.4600000000000004;9
1377681334.0;57.87861111111112;10.644436942206484;0.0044444444444444444;1.5733333333333335;0.10666666666666669;1.06;8
1377690334.0;24.448055555555566;6.391102854410807;0.006666666666666667;1.18;0.2733333333333334;2.122222222222222;7
1377699334.8;88.75999999999999;21.408881886800135;5.5311111111111115;3.3488888888888884;331.1466666666669;4.153333333333332;9
1377708335.6666667;99.36694444444443;20.173327000935878;0.0044444444444444444;1.222222222222222;0.22888888888888897;0.9000000000000002;9
1377717336.3666666;98.20250000000001;24.67332589891222;0.43555555555555553;2.057777777777778;235.22666666666657;5.62666666666667;9
1377726336.8;94.09083333333334;20.404436662462025;0.008888888888888889;1.6088888888888886;0.14222222222222228;0.9000000000000002;9
1377735338.1333334;94.93444444444441;23.33999248080784;0.05555555555555555;1.4355555555555555;147.51999999999998;4.173333333333333;9
1377744339.0333333;97.06361111111111;22.82443690829807;5.224444444444445;2.9511111111111115;58.81333333333335;2.1399999999999997;9
1377753339.6;98.07944444444446;24.186658689710832;5.2;1.88;147.60666666666668;3.8577777777777773;9
1377762340.2;97.21027777777776;21.337769826253254;0.008888888888888889;1.6266666666666663;58.83555555555555;2.0688888888888886;9
1377771341.0;100.74916666666665;23.484437518649624;0.008888888888888889;1.7155555555555548;118.27333333333334;3.2755555555555556;9
1377780341.9;101.80750000000003;24.028881963094076;0.43555555555555553;1.962222222222222;117.85555555555557;3.428888888888888;9
1377789341.9333334;101.38055555555556;24.208881420559354;0.020000000000000004;1.3866666666666667;118.41555555555556;3.3088888888888883;9
1377798342.8;101.50611111111111;24.519993336995448;16.66;2.1599999999999997;117.6111111111111;3.302222222222221;9
1377807343.8666666;101.63555555555553;29.922214635213216;40.213333333333324;3.7688888888888887;1083.9977777777779;22.922222222222217;9
1377816344.3666666;102.84277777777775;26.591104337904184;0.8844444444444445;1.3066666666666664;117.52444444444444;3.291111111111111;9
1377825344.6;102.79750000000003;22.244436475965713;0.031111111111111107;1.6311111111111114;85.13555555555556;2.677777777777777;9
1377834345.3333333;102.73916666666665;23.133325661553272;0.4533333333333333;1.6022222222222218;150.39777777777772;3.8666666666666667;9
1377843346.3333333;102.77666666666667;21.21332567003038;0.4955555555555555;1.4022222222222225;29.428888888888885;1.4733333333333334;9
1377852346.6;85.95083333333335;21.15777049594455;26.56888888888889;5.115555555555555;639.6133333333333;18.628888888888884;9
1377861347.3666666;57.678333333333335;15.271103837754993;0.07555555555555557;1.5333333333333334;319.3600000000002;9.808888888888891;8
1377870348.3;12.84277777777778;3.435547510782878;0.0022222222222222222;1.2666666666666666;0.5533333333333333;2.1777777777777776;6
1377879349.3666666;0.4281944444444445;0.642215304904514;1.2111111111111115;1.6488888888888886;0.06444444444444444;1.0755555555555556;1
1377888349.7333333;17.874444444444446;7.062216991848416;0.3911111111111111;1.6355555555555557;591.0644444444445;17.064444444444444;7
1377897350.5666666;103.65083333333332;20.702215703328445;0.4444444444444445;2.233333333333333;0.21777777777777776;0.9688888888888891;9
1377906351.8333333;104.16138888888892;23.48443743387858;11.891111111111112;3.715555555555556;143.88444444444443;3.855555555555555;9
1377915352.2333333;104.47555555555556;23.977770360310867;0.0044444444444444444;1.588888888888889;99.2377777777778;2.8911111111111096;9
1377924352.9;104.08138888888888;22.293326144748267;0.008888888888888889;1.253333333333333;58.88444444444445;2.36;9
1377933353.9333334;104.01861111111113;24.208882013956714;0.0044444444444444444;1.4911111111111108;183.4733333333333;4.239999999999998;9
1377942354.9333334;104.88166666666667;24.008881420559355;0.0044444444444444444;1.8488888888888888;125.19999999999999;3.3600000000000003;9
1377951355.5;103.10333333333331;24.21332639058431;5.211111111111111;1.9688888888888882;89.83777777777777;3.062222222222221;9
1377960356.3;101.17555555555553;20.84221462673611;5.631111111111111;3.2444444444444454;29.75777777777778;1.4755555555555555;9
1377969357.0;102.3325;23.493325593736436;0.006666666666666667;1.3399999999999999;147.22222222222217;4.006666666666667;9
1377978358.0;104.295;23.077769894070098;0.006666666666666667;1.8355555555555556;117.76444444444448;3.3488888888888884;9
1377987358.3;104.8005555555556;23.166659630669482;6.239999999999999;7.897777777777777;88.24444444444444;2.751111111111111;9
1377996359.3;104.70972222222225;24.224436738755966;0.0044444444444444444;1.5755555555555554;147.0288888888889;3.959999999999999;9
1378005360.3666666;104.60694444444444;24.71777047051324;10.995555555555557;23.239999999999995;719.3311111111111;12.346666666666666;9
1378014361.0333333;104.76222222222222;22.52221471998427;0.43777777777777777;2.068888888888889;61.69333333333334;2.402222222222222;9
1378023362.0;104.74722222222225;22.837771013047952;0.02222222222222222;1.755555555555555;125.13777777777777;3.4044444444444433;9
1378032363.2;103.44944444444445;23.917770470513236;0.0;1.5844444444444445;62.01111111111111;2.193333333333333;9
1378041364.3666666;101.57277777777777;26.411104202270504;0.19333333333333336;1.5911111111111105;299.8200000000001;3.89111111111111;9
1378050365.0;104.46888888888888;21.588881640964082;5.204444444444444;2.126666666666667;75.89111111111112;2.2311111111111113;9
1378059365.9;102.04305555555557;25.171103752983935;5.2;2.4;183.33111111111108;4.571111111111112;9
1378068367.0666666;103.17583333333332;21.968880928887256;0.0044444444444444444;1.6199999999999999;29.57333333333333;1.4844444444444447;9
1378077368.0;103.55361111111112;25.2799932691786;0.43777777777777777;2.046666666666667;205.86888888888882;5.0955555555555545;9
1378086368.3;104.57416666666668;21.47999220954047;0.0044444444444444444;1.3199999999999996;0.2111111111111111;0.8666666666666669;9
1378095369.0;83.9106746031746;18.804119921487473;0.006666666666666667;1.335238095238095;63.497777777777785;3.6222222222222213;9
1378104369.9333334;51.15722222222223;10.182215203179252;5.204444444444444;2.7599999999999993;0.4;1.8755555555555554;8
1378113370.7;1.1655555555555563;1.095549731784397;0.008888888888888889;1.2933333333333332;0.06666666666666667;1.3288888888888886;3
1378122371.6;0.3508333333333332;0.35777295430501305;0.0022222222222222222;1.4266666666666665;0.03333333333333333;1.0466666666666666;1
1378131372.3333333;0.34944444444444434;0.3199958801269531;0.0044444444444444444;1.288888888888889;0.017777777777777778;1.06;1
1378140373.4666667;79.65805555555555;18.566658910115564;0.6066666666666667;1.7644444444444443;251.12444444444446;3.428888888888889;9
1378149374.1666667;104.60999999999999;21.537770928276906;5.204444444444444;2.5422222222222217;0.21555555555555558;0.9088888888888891;9
1378158375.0;104.59250000000002;26.83554729885525;5.204444444444444;2.784444444444444;257.2755555555555;5.797777777777778;9
1378167376.1666667;104.54138888888892;22.588881301879884;0.006666666666666667;1.5688888888888888;0.17333333333333334;0.8888888888888892;9
1378176377.1333334;104.63333333333335;24.679992463853626;0.008888888888888889;1.391111111111111;205.46222222222212;5.066666666666667;9
1378185378.1666667;104.55972222222222;21.715547434488933;0.0044444444444444444;1.4133333333333336;29.491111111111127;1.4422222222222225;9
1378194379.0333333;104.09944444444447;23.471103032430015;0.4777777777777778;2.3311111111111114;175.8466666666666;4.4177777777777765;9
1378203380.1333334;103.83305555555556;22.47332560221354;0.013333333333333332;1.3911111111111112;91.16;2.7311111111111104;9
1378212381.0;103.7811111111111;23.835547849867087;5.202222222222222;2.2666666666666666;117.41777777777779;3.295555555555556;9
1378221381.9;98.43583333333335;27.944437281290693;0.3555555555555555;2.0911111111111107;386.7622222222222;8.175555555555555;9
1378230382.8333333;103.76444444444442;23.75554801093207;0.008888888888888889;1.8311111111111116;165.27333333333323;5.3800000000000034;9
1378239383.8;104.02194444444444;20.955547714233397;0.02222222222222222;1.4244444444444442;55.69111111111111;2.057777777777778;9
1378248384.7333333;103.88777777777777;24.119992192586263;5.2;2.08;120.45999999999997;3.266666666666666;9
1378257386.1666667;103.91388888888892;23.053325356377492;5.6288888888888895;3.1044444444444443;88.07777777777777;2.6799999999999993;9
1378266387.3;103.94944444444445;22.926658121744786;0.01111111111111111;1.5955555555555556;122.99555555555555;3.304444444444444;9
1378275388.0;103.97333333333333;22.599992540147568;0.006666666666666667;1.837777777777778;92.78666666666669;2.7088888888888887;9
1378284388.7;57.85611111111108;21.757771725124783;0.01111111111111111;1.7977777777777773;146.23777777777778;10.922222222222224;8
1378293390.0333333;103.43642857142859;22.39634111495245;0.09968253968253968;1.6801587301587302;178.3138095238095;2.4941269841269844;9
1378302391.2666667;103.11083333333332;21.164437145657008;0.008888888888888889;1.3244444444444443;0.34666666666666673;1.4733333333333336;9
1378311391.5333333;89.88111111111111;28.539992056952585;5.728888888888889;3.9155555555555552;859.9288888888888;16.753333333333337;9
1378320392.5333333;104.14388888888888;21.851103973388668;0.0044444444444444444;1.6733333333333333;0.24444444444444444;0.8444444444444449;9
1378329393.5333333;104.04999999999998;26.724437035454645;0.1088888888888889;308.88444444444434;843.9666666666668;10.680000000000003;9
1378338394.6666667;103.7472222222222;21.573325983683265;0.41555555555555557;2.1377777777777776;29.497777777777785;1.4155555555555555;9
1378347395.0;82.75527777777778;22.899992285834422;5.204444444444444;2.157777777777777;1012.5222222222221;14.297777777777778;9
1378356396.2333333;23.558055555555555;5.664436679416232;0.0044444444444444444;1.4622222222222223;0.22444444444444447;1.8577777777777778;7
1378365397.1333334;89.78416666666668;20.704437043931748;5.386666666666667;3.2444444444444445;327.94888888888903;3.986666666666667;9
1378374397.6;102.96583333333336;20.828881920708547;0.42888888888888893;1.813333333333333;0.19555555555555557;0.8622222222222223;9
1378383398.4333334;49.18416666666666;16.65554877387153;0.008888888888888889;1.5799999999999996;533.4177777777778;11.860000000000003;8
1378392999.4333334;7.183333333333334;5.237771309746637;0.015555555555555555;1.6400000000000001;56.84444444444445;2.98;5
1378402300.2;1.0450000000000004;1.2622173309326172;0.09111111111111113;1.6600000000000004;139.41333333333333;2.6155555555555554;3
1378411300.8;0.36500000000000005;0.2755515628390842;0.0044444444444444444;1.2822222222222222;0.16666666666666666;1.208888888888889;1
1378420301.9;0.3805555555555556;0.6222160763210721;5.202222222222222;2.3844444444444446;0.024444444444444446;1.0622222222222222;1
1378429303.1;0.3675;0.328884760538737;0.01111111111111111;1.2822222222222222;0.013333333333333334;1.0577777777777777;1
1378438303.9666667;0.3774999999999999;0.3911059061686198;5.633333333333334;2.235555555555555;0.024444444444444442;1.0488888888888888;1
1378447304.5666666;0.36722222222222217;0.29555163913302956;0.0044444444444444444;1.6733333333333331;0.01111111111111111;1.0644444444444445;1
1378456305.5;0.36916666666666664;0.28888511657714844;0.0044444444444444444;1.2555555555555555;0.017777777777777778;1.04;1
1378465336.7;0.3683333333333333;0.40443967183430996;0.008888888888888889;1.5266666666666668;0.03333333333333333;1.0644444444444445;1
1378475707.5666666;10.270555555555555;9.697769843207462;1.673333333333334;2.4444444444444446;1692.1977777777777;27.24;6
1378484808.6666667;8.239940476190476;11.332692330981057;1.3598412698412699;2.7357142857142858;869.8203174603175;16.555396825396823;6
1378493809.5666666;9.770952380952378;15.542532436431397;0.013809523809523808;1.5714285714285707;146.8615873015873;13.00952380952381;6
1378502790.0;0.5508333333333333;0.4199954138861762;0.42888888888888893;1.602222222222222;0.03333333333333333;1.0466666666666666;2
1378508310.2333333;0.375;0.0;0.0;0.0;0.0;0.0;1
1378511310.3333333;0.375;0.0;0.0;0.0;0.0;0.0;1
1378514310.3333333;0.375;0.0;0.0;0.0;0.0;0.0;1
1378517310.3333333;0.375;0.0;0.0;0.0;0.0;0.0;1
1378520310.4666667;0.375;0.0;0.0;0.0;0.0;0.0;1
1378523310.6666667;0.375;0.0;0.0;0.0;0.0;0.0;1
1378526380.5333333;0.375;0.0;0.0;0.0;0.0;0.0;1
1378529800.7666667;0.375;0.0;0.0;0.0;0.0;0.0;1
1378532811.0;0.375;0.0;0.0;0.0;0.0;0.0;1
1378535811.0;0.375;0.0;0.0;0.0;0.0;0.0;1
1378538811.0;0.375;0.0;0.0;0.0;0.0;0.0;1
1378541811.0;0.375;0.0;0.0;0.0;0.0;0.0;1
1378544811.2333333;0.375;0.0;0.0;0.0;0.0;0.0;1
1378547811.3333333;0.375;0.0;0.0;0.0;0.0;0.0;1
1378550811.3333333;0.375;0.0;0.0;0.0;0.0;0.0;1
1378553811.4;0.375;0.0;0.0;0.0;0.0;0.0;1
1378556811.6666667;0.375;0.0;0.0;0.0;0.0;0.0;1
1378559811.6666667;0.375;0.0;0.0;0.0;0.0;0.0;1
1378562811.9;0.375;0.0;0.0;0.0;0.0;0.0;1
1378565812.0;0.375;0.0;0.0;0.0;0.0;0.0;1
1378568812.0;0.375;0.0;0.0;0.0;0.0;0.0;1
1378571812.0;0.375;0.0;0.0;0.0;0.0;0.0;1
1378574812.2333333;0.375;0.0;0.0;0.0;0.0;0.0;1
1378577812.3333333;0.375;0.0;0.0;0.0;0.0;0.0;1
1378580812.3333333;0.375;0.0;0.0;0.0;0.0;0.0;1
1378583812.5666666;0.375;0.0;0.0;0.0;0.0;0.0;1
1378586812.6666667;0.375;0.0;0.0;0.0;0.0;0.0;1
1378589812.6666667;0.375;0.0;0.0;0.0;0.0;0.0;1
1378592812.8;0.375;0.0;0.0;0.0;0.0;0.0;1
1378595813.0;0.375;0.0;0.0;0.0;0.0;0.0;1
1378598813.0;0.375;0.0;0.0;0.0;0.0;0.0;1
1378601813.0333333;0.375;0.0;0.0;0.0;0.0;0.0;1
1378604813.0;0.375;0.0;0.0;0.0;0.0;0.0;1
1378607813.1666667;0.375;0.0;0.0;0.0;0.0;0.0;1
1378610813.3333333;0.375;0.0;0.0;0.0;0.0;0.0;1
1378613813.3333333;0.375;0.0;0.0;0.0;0.0;0.0;1
1378616813.4;0.375;0.0;0.0;0.0;0.0;0.0;1
1378619813.6666667;0.375;0.0;0.0;0.0;0.0;0.0;1
1378622813.6666667;0.375;0.0;0.0;0.0;0.0;0.0;1
1378625814.0;0.375;0.0;0.0;0.0;0.0;0.0;1
1378628814.0;0.375;0.0;0.0;0.0;0.0;0.0;1
1378631814.2666667;0.375;0.0;0.0;0.0;0.0;0.0;1
1378634814.3333333;0.375;0.0;0.0;0.0;0.0;0.0;1
1378637814.3333333;0.375;0.0;0.0;0.0;0.0;0.0;1
1378640814.3333333;0.375;0.0;0.0;0.0;0.0;0.0;1
1378643814.6333334;0.375;0.0;0.0;0.0;0.0;0.0;1
1378646814.6666667;0.375;0.0;0.0;0.0;0.0;0.0;1
1378649814.6666667;0.375;0.0;0.0;0.0;0.0;0.0;1
1378652814.9666667;0.375;0.0;0.0;0.0;0.0;0.0;1
1378655815.0;0.375;0.0;0.0;0.0;0.0;0.0;1
1378658815.2666667;0.375;0.0;0.0;0.0;0.0;0.0;1
1378661815.3333333;0.375;0.0;0.0;0.0;0.0;0.0;1
1378664815.3333333;0.375;0.0;0.0;0.0;0.0;0.0;1
1378667815.4;0.375;0.0;0.0;0.0;0.0;0.0;1
1378670815.3333333;0.375;0.0;0.0;0.0;0.0;0.0;1
1378673815.6666667;0.375;0.0;0.0;0.0;0.0;0.0;1
1378676815.6666667;0.375;0.0;0.0;0.0;0.0;0.0;1
1378679815.7;0.375;0.0;0.0;0.0;0.0;0.0;1
1378682816.0;0.375;0.0;0.0;0.0;0.0;0.0;1
1378685816.0;0.375;0.0;0.0;0.0;0.0;0.0;1
1378688816.0;0.375;0.0;0.0;0.0;0.0;0.0;1
1378691816.2666667;0.375;0.0;0.0;0.0;0.0;0.0;1
1378694816.3333333;0.375;0.0;0.0;0.0;0.0;0.0;1
1378697816.3666666;0.375;0.0;0.0;0.0;0.0;0.0;1
1378700816.4666667;0.375;0.0;0.0;0.0;0.0;0.0;1
1378703816.5333333;0.375;0.0;0.0;0.0;0.0;0.0;1
1378706816.6666667;0.375;0.0;0.0;0.0;0.0;0.0;1
1378709816.6666667;0.375;0.0;0.0;0.0;0.0;0.0;1
1378712817.0;0.375;0.0;0.0;0.0;0.0;0.0;1
1378715817.0;0.375;0.0;0.0;0.0;0.0;0.0;1
1378718817.3;0.375;0.0;0.0;0.0;0.0;0.0;1
1378721817.3333333;0.375;0.0;0.0;0.0;0.0;0.0;1
1378724817.3333333;0.375;0.0;0.0;0.0;0.0;0.0;1
1378727817.5;0.375;0.0;0.0;0.0;0.0;0.0;1
1378730817.6666667;0.375;0.0;0.0;0.0;0.0;0.0;1
1378733817.6666667;0.375;0.0;0.0;0.0;0.0;0.0;1
1378736817.6666667;0.375;0.0;0.0;0.0;0.0;0.0;1
1378739817.6666667;0.375;0.0;0.0;0.0;0.0;0.0;1
1378742817.9333334;0.375;0.0;0.0;0.0;0.0;0.0;1
1378745818.0;0.375;0.0;0.0;0.0;0.0;0.0;1
1378748818.0;0.375;0.0;0.0;0.0;0.0;0.0;1
1378751818.1;0.375;0.0;0.0;0.0;0.0;0.0;1
1378754818.3333333;0.375;0.0;0.0;0.0;0.0;0.0;1
1378757818.3333333;0.375;0.0;0.0;0.0;0.0;0.0;1
1378760818.3333333;0.375;0.0;0.0;0.0;0.0;0.0;1
1378763818.6;0.375;0.0;0.0;0.0;0.0;0.0;1
1378766818.4333334;0.375;0.0;0.0;0.0;0.0;0.0;1
1378769818.6666667;0.375;0.0;0.0;0.0;0.0;0.0;1
1378772818.6666667;0.375;0.0;0.0;0.0;0.0;0.0;1
1378775818.6666667;0.375;0.0;0.0;0.0;0.0;0.0;1
1378778818.9666667;0.375;0.0;0.0;0.0;0.0;0.0;1
1378781819.0;0.375;0.0;0.0;0.0;0.0;0.0;1
1378784819.0;0.375;0.0;0.0;0.0;0.0;0.0;1
1378787819.2666667;0.375;0.0;0.0;0.0;0.0;0.0;1
1378790819.3333333;0.375;0.0;0.0;0.0;0.0;0.0;1
1378793819.4;0.375;0.0;0.0;0.0;0.0;0.0;1
1378796819.6666667;0.375;0.0;0.0;0.0;0.0;0.0;1
1378799819.5666666;0.375;0.0;0.0;0.0;0.0;0.0;1
1378802819.6666667;0.375;0.0;0.0;0.0;0.0;0.0;1
1378805819.6666667;0.375;0.0;0.0;0.0;0.0;0.0;1
1378808819.8333333;0.375;0.0;0.0;0.0;0.0;0.0;1
1378811820.0;0.375;0.0;0.0;0.0;0.0;0.0;1
1378814820.0;0.375;0.0;0.0;0.0;0.0;0.0;1
1378817820.0;0.375;0.0;0.0;0.0;0.0;0.0;1
1378820820.3;0.375;0.0;0.0;0.0;0.0;0.0;1
1378823820.3333333;0.375;0.0;0.0;0.0;0.0;0.0;1
1378826820.3333333;0.375;0.0;0.0;0.0;0.0;0.0;1
1378829820.4;0.375;0.0;0.0;0.0;0.0;0.0;1
1378832820.3666666;0.375;0.0;0.0;0.0;0.0;0.0;1
1378835820.6666667;0.375;0.0;0.0;0.0;0.0;0.0;1
1378838820.6666667;0.375;0.0;0.0;0.0;0.0;0.0;1
1378841820.8;0.375;0.0;0.0;0.0;0.0;0.0;1
1378844821.0;0.375;0.0;0.0;0.0;0.0;0.0;1
1378847821.0;0.375;0.0;0.0;0.0;0.0;0.0;1
1378850821.0;0.375;0.0;0.0;0.0;0.0;0.0;1
1378853821.3;0.375;0.0;0.0;0.0;0.0;0.0;1
1378856821.3333333;0.375;0.0;0.0;0.0;0.0;0.0;1
1378859821.3333333;0.375;0.0;0.0;0.0;0.0;0.0;1
1378862821.4333334;0.375;0.0;0.0;0.0;0.0;0.0;1
1378865821.3333333;0.375;0.0;0.0;0.0;0.0;0.0;1
1378868821.3333333;0.375;0.0;0.0;0.0;0.0;0.0;1
1378871821.5333333;0.375;0.0;0.0;0.0;0.0;0.0;1
1378874821.6666667;0.375;0.0;0.0;0.0;0.0;0.0;1
1378877821.6666667;0.375;0.0;0.0;0.0;0.0;0.0;1
1378880821.9;0.375;0.0;0.0;0.0;0.0;0.0;1
1378883822.0;0.375;0.0;0.0;0.0;0.0;0.0;1
1378886822.0;0.375;0.0;0.0;0.0;0.0;0.0;1
1378889822.1666667;0.375;0.0;0.0;0.0;0.0;0.0;1
1378892822.3333333;0.375;0.0;0.0;0.0;0.0;0.0;1
1378895822.3333333;0.375;0.0;0.0;0.0;0.0;0.0;1
1378898822.3333333;0.375;0.0;0.0;0.0;0.0;0.0;1
1378901822.4333334;0.375;0.0;0.0;0.0;0.0;0.0;1
1378904822.6666667;0.375;0.0;0.0;0.0;0.0;0.0;1
